external_fixtures/sample_001.replay	f33eefadae8741de7aa0cec6d0bea0120cdf795d16caf3953a517b4ac6c6eaeb	PASS
external_fixtures/sample_002.replay	376b00e023186b41408385aed4dee1414ad919a40c92d9ce853f327f63fbcec6	PASS
external_fixtures/sample_003.replay	20444c8352123637212a752783a5d4a446a4235985e6530cd2030362f142e2dc	PASS
test_corpus/largest_100/003_d137eaa3-af41-4803-8fe7-1eb87d304e2c.replay	bf470fd0b00d39c6facaaa3b9943818957b636c9fa32f5a32b6ee2b817dd82b7	PASS
test_corpus/largest_100/010_27f8a623-4388-41da-9473-5f59df5fa93b.replay	e0c2be9ae2fb93354bb533945929c8e4635ee4d9f99e06262e265eca5668f6d7	PASS
test_corpus/largest_100/011_39aa142a-baf8-4af3-8b67-6fbca93f23a6.replay	9bcd1d774e19fccc4a2b44ab37be572c7f0a0984633cbe1fb59bf359d7db9734	PASS
test_corpus/largest_100/012_0c83fe49-b7f6-427a-ae97-b1a4f53d6117.replay	6cf6c106da87a1f4e0208631205f073a0681a597886edf4f4942d87acdc4db18	PASS
test_corpus/largest_100/016_b473f51b-abdd-4896-872f-26fb7d8bd939.replay	5062f578d658c9f2ca5c442f1192e4a5d1fb950b3e2e94ce6433cbf8c0e3b5e2	PASS
test_corpus/largest_100/019_bd1a83e2-5ac0-4a79-beba-df8547515782.replay	43b999070d498a13850650da328fbe55bab3b429db25ffb7d1869f37b4326aa4	PASS
test_corpus/largest_100/023_d9186df1-af02-4ab1-ba1b-b2c3b6fb1a67.replay	ff338b19658252ff362446ebffa4b6be4f077a36305ec468e398356d41dabb39	PASS
test_corpus/largest_100/027_abfd6c12-e5e0-46a3-aaee-4d086a4d6ee5.replay	a0708b579ae6aad38df9ebea327ef3ff09d7185a8d15051bccb697e66a5c737b	PASS
test_corpus/largest_100/033_e8ab232b-24e4-401c-b5ac-db2d5587cfcf.replay	ad95b61f8a576e746d28d51c25ce531d664660dfa6a747f6e20f20012623be83	PASS
test_corpus/largest_100/035_6b90776b-1784-4d30-a8ff-d37b66ae4a38.replay	09de5f8724d29922496a0c83d50371441039e8b29b7f051f01a85c27eb3dd8c9	PASS
test_corpus/largest_100/036_88b815c9-bc3d-498a-8fa3-80638cfa8709.replay	8dcc05636c234c9d1abc9fc16fdcc85c722dc4172fc94ab8a07d6ee3c22323fd	PASS
test_corpus/largest_100/038_c44e3655-bcc9-41fb-9548-808ee70c66e7.replay	855fbda42d431a870e9fad387dc30c22470ebeb4ff2a2f867fa34b0680c52969	PASS
test_corpus/largest_100/039_4c5e5ad8-c72f-49b2-890c-d936e172160c.replay	7f3df1e0b973d1453560a66b753af370993e5d3b6799069071f1413e11237ed7	PASS
test_corpus/largest_100/040_0a38f81b-862d-4776-9d27-3c221355f839.replay	2328a0f6c8beb35489046e8c0d9fb9e41df4deb10d32b7974056597cbe100239	PASS
test_corpus/largest_100/042_be1e76bd-258a-4067-8d06-57481459f946.replay	035733dbf2723d17b945be2fb9f01944f4cba00e7561b44796301ea9afaf1bfd	PASS
test_corpus/largest_100/049_6c45a00b-d14b-4eba-86b8-4a3e99faf545.replay	2ca4e196c91af7dd3435b8f277df64fc5266061e5bcb89d39bc09ba1541fd43c	PASS
test_corpus/largest_100/050_6e301fcc-239b-4a29-863b-8c2561e56042.replay	c6d137590d4e523d5bfe643e8756ecf843395a140bf77cb6633b8d969c14aeed	PASS
test_corpus/largest_100/054_9ed418f3-9eaf-4a18-a591-633db1120790.replay	9b92e0176c20ccf044492aeec7874ad2bde8723c85964879396068d8da52b385	PASS
test_corpus/largest_100/057_4fab5b3d-17de-4a7b-86d7-432ba973c524.replay	b41584ed22fd317f9eefecdcb14cfc6eb78fcd1c8dc977e28e26d4aa0a2e2714	PASS
test_corpus/largest_100/059_d86eb20b-396c-49bc-80bb-71bec6949f94.replay	af984c862429dea2f90a052bab1d73b59ad0d5afd754794e4aaf926453ac11a5	PASS
test_corpus/largest_100/060_6bc2e5f5-e243-4db0-b6f9-1b8173472c29.replay	cdd549cf25ae689c7f712d7a84a104c07b3b27c7a986ae4df0f668093823af78	PASS
test_corpus/largest_100/061_2b7d3c05-ff84-44fd-ae1b-9e745b9a9350.replay	75af7bcd216ac99f7a337fc9a3cd0bcdc6599df1e58fe24b692aca22622ef949	PASS
test_corpus/largest_100/065_62d26477-6502-49ba-b48e-1990a4ea3e2b.replay	3d612bb02aea3bf3c2b0e4688fc9de129d815d51bfd53b0f84e6745c4e4425fc	PASS
test_corpus/largest_100/066_0e3f475c-ab4e-45b3-8857-f0f5583da70b.replay	4c9323af938f9ec032874b1a51a385b1b6cfd788cd67d9ab4146d48e614f25fb	PASS
test_corpus/largest_100/068_fdb826bc-63a7-4aba-b6b9-70327ccd9af9.replay	131a5dc6b0e51c258955c2d1197c4b6201e614e3c02fbd20c1a39da4552e8ddf	PASS
test_corpus/largest_100/069_2ee7342c-a8cd-47cf-bc6e-536150bc2e2f.replay	e2f0c327037aedf468586196457426400fbfcadeb1391ad9c2dd431267de2b8c	PASS
test_corpus/largest_100/072_60e8a19d-6782-4599-b2c7-13194b1719f6.replay	3ce7f52eafd9e0656874c087347c1ce20adaa7f6b1eb6c03566afb49500f3f52	PASS
test_corpus/largest_100/073_e435deab-aaed-4848-bdd0-c49858bce7e4.replay	79a95a6d671e46b4a03ce089bfeed6c9ddea30600b5f2ed71e5bdb7f62858359	PASS
test_corpus/largest_100/074_a6e89dc6-09ca-4c1a-b2da-c7383009ce8c.replay	272a503529500ee42787a4e98ea5c10bef653bcba7e86063414b374217230553	PASS
test_corpus/largest_100/075_2533649e-b2d9-4438-9261-0e6eea032525.replay	743dc9c2e85c3cf6468497b43c3b77abcf7178ab66b94984de671c366b9c9525	PASS
test_corpus/largest_100/078_e4841be3-229e-410c-8a67-b88e76f46ade.replay	a65a068a77388fa7d2b5a897bfe589689316b3642e004aa0a343f616afc0dfa4	PASS
test_corpus/largest_100/079_1f838b01-66b5-4963-b62e-64f3d7dbd545.replay	cea0f07fa9b6eca36cd4cc7a27d4c84577977bbe3b351c59635ad18a3e331db2	PASS
test_corpus/largest_100/082_ca9dcc03-e630-464a-a76d-8edb8fc78d0f.replay	4eb917bed56ec3f91f45bbb5318538b418867eea708632602fe67a7e0d27eb6a	PASS
test_corpus/largest_100/083_0d530715-6b10-421c-8af2-9b5b1feff4f6.replay	a22ce5d6311a46da37c5fcb32899c42c14abc266844c9f618917ec60ae7b7701	PASS
test_corpus/largest_100/085_24c94755-bf07-44ff-a745-17ec46fdf0dd.replay	f5e4929d47deeaf2a05aa1e163f127f38f98a408f8716a7230190b86729c3faa	PASS
test_corpus/largest_100/086_12e3b253-fa87-45b0-973b-307aafc0a41f.replay	596408db081aad2bf3d9599bff93dd7157650013d38b66788dd5cdb359eb59ed	PASS
test_corpus/largest_100/089_927d8bb2-1999-4a4d-aaf3-482dae6348c4.replay	77bd6b96ba9dbf10baea7f9c83ae397a5ec0cb68dcbdff28f3a97914b5bd23fc	PASS
test_corpus/largest_100/093_893c8162-4390-4fc3-bd87-5eba4b2b5065.replay	0385c57dc0b08e35c35c5e6e8474d5dd38afa82983b8c1d53d450ef2733fafa4	PASS
test_corpus/largest_100/094_5ca1d62e-ede6-4829-95cd-ac1f3b462750.replay	248f737ca5bf00e4cb74b6f65bf654481f43b23f5fd50ec86726f50f5d746367	PASS
test_corpus/largest_100/095_544eb235-f537-4e93-955e-77c4a1ed3380.replay	35b9a646b4ba388b315d8e508b29ebe8c173ed460e4667bac1b25d1fd17260d8	PASS
test_corpus/largest_100/096_898e1ab6-2fe4-4446-8086-a5963a3b7b0c.replay	bf3513f8818ae5314c3c5b627943c72bd4f9f0df2e2f804dc049b9659eb13308	PASS
test_corpus/largest_100/097_ab8382c3-d2f8-4481-a0c0-5ea2d5b5653e.replay	45d223d05d9203dc439b1dc0057976d50ea0a7d8b5efdec67dde99836e19b515	PASS
test_corpus/largest_100/098_be5b3375-17ec-42f2-b58b-e2fca2e61ce4.replay	698c98b3b3a5721ea49aaaa75b8dacda64d90b494cc7bee6a85a7fdaa23401ea	PASS
test_corpus/largest_100/100_1f669eef-b24a-45d8-9d67-bb5abf46b553.replay	d63fa33bb62567e7faed7c190b6f47049790eb3d50c473d280190192adf71d6a	PASS
